{"cameraMode":{"drawMode":0,"name":"Shaded","section":"Shading Mode"},"sceneLighting":true,"audioPlay":false,"sceneViewState":{"m_AlwaysRefresh":false,"showFog":true,"showSkybox":true,"showFlares":true,"showImageEffects":true,"showParticleSystems":true,"showVisualEffectGraphs":true,"m_FxEnabled":true},"in2DMode":false,"pivot":{"x":-11.312677383422852,"y":-10.679487228393555,"z":35.51910400390625},"rotation":{"x":-0.20751945674419404,"y":0.24440066516399384,"z":-0.05363057926297188,"w":-0.945711612701416},"size":21.600263595581056,"orthographic":false}